<application>
  <component name="FileTypeManager" version="18">
    <extensionMap>
      <mapping ext="arb" type="JSON" />
      <mapping ext="gradle.kts" type="Kotlin" />
      <mapping ext="main.kts" type="Kotlin" />
      <mapping pattern=".gitkeep" type="PLAIN_TEXT" />
      <mapping ext="snapshot" type="PLAIN_TEXT" />
      <removed_mapping ext="apk" approved="true" type="ARCHIVE" />
      <removed_mapping ext="arb" approved="true" type="PLAIN_TEXT" />
      <removed_mapping ext="pro" approved="true" type="DeviceSpecFile" />
      <removed_mapping ext="psd" approved="true" type="Adobe Photoshop" />
    </extensionMap>
  </component>
</application>